caso,facultad,tipo_inv,disc_proy,obj_socio,ent_financ,otra_ent,cant_inv,cant_bec,cant_per,cant_est,gast_corr,gast_corr_o,gast_corr_b,gast_inm,gast_equip,num_pub,rev_pub_2,rev_pub_3,num_pub2,num_cong,num_pat,num_inf,num_der,num_asist,num_des,num_otros_des
1,JURSOC,básica,CsSoc,ConocGral,UNLP,NA,2,1,2,0,21000,3,20001-30000,0,0,2,NA,NA,0,2,0,0,1,0,0,0
2,JURSOC,básica,CsSoc,ConocGral,UNLP,NA,2,1,2,0,21000,3,20001-30000,0,0,2,NA,NA,0,2,0,0,1,0,0,0
3,JURSOC,básica,CsSoc,ConocGral,UNLP,NA,1,1,0,1,11338,2,10001-20000,0,0,2,1,Español,0,1,0,2,0,0,0,0
4,JURSOC,básica,CsSoc,ConocGral,UNLP,NA,1,1,0,1,11338,2,10001-20000,0,0,2,1,Español,0,1,0,2,0,0,0,0
5,JURSOC,básica,CsSoc,ConocGral,UNLP,NA,6,0,0,0,0,1,0-10000,0,0,3,NA,NA,0,0,0,0,0,0,0,0
6,JURSOC,básica,CsSoc,ConocGral,UNLP,NA,6,0,0,0,0,1,0-10000,0,0,3,NA,NA,0,0,0,0,0,0,0,0
7,FCAyF,básica,CsAgrop,Agro,UNLP,NA,2,2,0,0,11449,2,10001-20000,0,0,1,1,Español,0,5,0,0,0,0,0,0
8,FCM,básica,EXACyNAT,Salud,UNLP,NA,4,1,1,0,13144,2,10001-20000,0,0,3,2,Inglés,0,13,0,0,0,3,0,0
9,FCM,básica,CsMed,Salud,ANPCyT,NA,4,3,2,0,133000,5,>40000,0,12647,2,2,Inglés,0,6,0,2,0,0,0,0
10,FCM,básica,CsMed,ConocGral,ANPCyT,NA,1,1,0,2,80000,5,>40000,0,0,1,2,Inglés,0,3,0,0,0,0,0,0
11,FCM,aplicada,CsMed,Salud,UNLP,NA,6,1,0,0,21391,3,20001-30000,0,0,4,2,Inglés,1,4,0,1,0,0,0,0
12,FCM,básica,EXACyNAT,Salud,UNLP,NA,3,0,0,0,18000,2,10001-20000,0,0,0,NA,NA,0,2,0,0,0,0,0,0
13,FCM,básica,CsMed,Salud,UNLP,NA,3,2,0,1,18000,2,10001-20000,0,0,1,2,Inglés,0,4,0,0,0,0,0,0
14,JURSOC,aplicada,CsSoc,Social,UNLP,NA,4,0,0,0,0,1,0-10000,0,0,11,1,Español,2,4,0,0,0,0,0,0
15,JURSOC,aplicada,CsSoc,Social,UNLP,NA,4,0,0,0,0,1,0-10000,0,0,11,1,Español,2,4,0,0,0,0,0,0
16,FCM,aplicada,CsMed,Salud,UNLP,NA,7,0,0,0,13000,2,10001-20000,0,0,7,1,Español,0,0,0,0,0,0,0,0
17,FCAG,básica,EXACyNAT,Tierra,ANPCyT,NA,4,6,0,0,30000,3,20001-30000,0,30000,11,2,Inglés,0,20,0,0,0,0,0,0
18,FCM,básica,CsMed,Salud,ANPCyT,NA,5,1,2,0,39610.96,4,30001-40000,0,0,0,NA,NA,0,2,0,1,0,0,0,0
19,FCAG,básica,EXACyNAT,ConocGral,CONICET,NA,2,2,0,0,5711,1,0-10000,0,0,4,2,Inglés,2,2,0,0,0,0,0,0
20,FCAG,aplicada,EXACyNAT,Tierra,UNLP,NA,3,5,0,0,4000,1,0-10000,0,4000,6,2,Inglés,0,5,0,0,0,0,1,0
21,FCAG,aplicada,EXACyNAT,Tierra,CONICET,NA,3,6,0,0,10000,1,0-10000,0,10000,6,2,Inglés,0,5,0,0,0,0,1,0
22,JURSOC,básica,Otro,Social,UNLP,NA,7,0,0,0,800,1,0-10000,0,0,2,1,Español,0,0,0,0,0,0,0,0
23,JURSOC,básica,Otro,Social,UNLP,NA,7,0,0,0,800,1,0-10000,0,0,2,1,Español,0,0,0,0,0,0,0,0
24,FAU,aplicada,Otro,OtraCivil,UNLP,NA,13,0,0,0,1500,1,0-10000,0,0,5,NA,NA,0,2,0,0,0,0,0,0
25,FTS,básica,CsSoc,Social,UNLP,NA,6,2,0,4,10000,1,0-10000,0,0,10,1,Español,1,6,0,1,0,0,0,0
26,FaHCE,aplicada,Human,ConocGral,UNLP,NA,4,0,0,2,14161,2,10001-20000,0,0,1,NA,NA,2,1,0,0,0,0,0,0
27,FCEx,aplicada,EXACyNAT,ConocGral,UNLP,NA,2,0,1,0,9600,1,0-10000,0,0,6,2,Inglés,0,6,0,0,0,0,0,0
28,FCEx,básica,EXACyNAT,ConocGral,UNLP,NA,2,5,0,1,9999,1,0-10000,0,0,4,2,Inglés,2,4,0,0,0,0,0,0
29,FCAG,básica,EXACyNAT,ConocGral,UNLP,CONICET,7,3,0,0,20000,2,10001-20000,0,20000,14,2,Inglés,0,2,0,0,0,0,0,0
30,FCEx,básica,EXACyNAT,Libre,UNLP,NA,10,4,0,1,16872,2,10001-20000,0,0,10,2,Inglés,0,4,0,0,0,3,0,0
31,FCEx,básica,EXACyNAT,Libre,ANPCyT,NA,10,5,0,0,421221,5,>40000,0,400000,0,NA,NA,0,0,0,0,0,0,0,0
32,FCEx,básica,EXACyNAT,ConocGral,UNLP,CONyANP,5,4,2,0,300000,5,>40000,NA,30000,7,2,Inglés,0,20,0,0,0,0,0,5
33,FCEx,básica,EXACyNAT,ConocGral,ANPCyT,NA,2,3,0,0,50000,5,>40000,0,20000,5,2,Inglés,0,4,1,0,0,0,0,0
34,FCEx,básica,EXACyNAT,Libre,UNLP,CONyANP,4,4,0,1,75000,5,>40000,0,0,4,2,Inglés,0,0,0,0,0,0,0,0
35,FaHCE,básica,Human,ConocGral,UNLP,NA,0,6,0,0,0,1,0-10000,0,0,3,NA,NA,2,2,0,0,0,0,0,0
36,FaHCE,básica,Human,ConocGral,UNLP,NA,5,2,0,0,0,1,0-10000,0,0,1,1,Español,0,2,1,0,1,0,0,0
37,FaHCE,básica,Human,ConocGral,UNLP,NA,3,2,0,2,6000,1,0-10000,0,4000,4,1,Español,1,2,0,0,0,0,0,0
38,FaHCE,aplicada,CsSoc,ConocGral,UNLP,NA,5,0,0,0,7000,1,0-10000,0,1000,5,1,Español,1,3,0,0,0,0,0,0
39,FaHCE,aplicada,CsSoc,Social,UNLP,NA,5,1,2,6,7200,1,0-10000,0,0,1,1,Español,0,4,0,1,0,0,0,0
40,FaHCE,aplicada,Human,ConocGral,UNLP,NA,3,0,3,0,3765,1,0-10000,0,0,0,NA,NA,0,1,0,0,0,0,0,0
41,FCEx,aplicada,EXACyNAT,Ambiente,UNLP,ANPCyT,3,2,0,2,30000,3,20001-30000,0,80000,5,2,Inglés,1,6,0,3,0,1,1,2
42,FCEx,básica,CsMed,Salud,UNLP,NA,2,4,1,0,11449,2,10001-20000,0,0,1,NA,NA,0,6,0,0,0,0,0,1
43,FCEx,básica,EXACyNAT,ConocGral,UNLP,NA,4,0,2,1,5000,1,0-10000,5000,0,3,2,Inglés,0,0,0,0,0,0,0,0
44,FTS,aplicada,CsSoc,Social,UNLP,NA,10,2,0,1,14000,2,10001-20000,10000,5000,0,NA,NA,0,6,0,2,0,0,2,3
45,FCAG,básica,EXACyNAT,Espacio,UNLP,NA,5,4,0,0,13000,2,10001-20000,0,0,1,2,Inglés,0,3,0,0,0,0,0,0
46,FCAG,básica,EXACyNAT,ConocGral,CONICET,NA,8,6,0,0,53000,5,>40000,0,0,3,2,Inglés,0,4,0,0,0,0,0,0
47,FCAG,básica,EXACyNAT,ConocGral,UNLP,NA,6,4,0,0,8247,1,0-10000,0,0,4,2,Inglés,0,2,0,0,0,0,0,0
48,FCEx,básica,EXACyNAT,Salud,UNLP,NA,2,4,0,0,19000,2,10001-20000,0,0,8,2,Inglés,0,0,0,0,0,0,0,0
49,FCEx,básica,EXACyNAT,Salud,ANPCyT,NA,4,4,0,0,84000,5,>40000,0,20000,0,1,Español,0,0,0,0,0,0,0,0
50,FaHCE,básica,CsSoc,Social,UNLP,NA,9,5,0,0,28622,3,20001-30000,0,0,9,1,Español,0,20,0,0,0,0,0,0
51,FaHCE,aplicada,CsSoc,ConocGral,UNLP,NA,4,0,5,0,3500,1,0-10000,0,4000,2,3,Otro,0,1,0,0,0,1,0,1
52,FCE,aplicada,CsSoc,Social,UNLP,NA,17,7,0,0,20940,3,20001-30000,0,0,3,2,Inglés,2,2,0,0,0,0,0,0
53,FCEx,básica,EXACyNAT,Agro,ANPCyT,NA,4,1,0,0,0,1,0-10000,0,0,0,NA,NA,0,0,0,0,0,0,0,0
54,FCE,aplicada,CsSoc,Social,UNLP,NA,7,0,0,0,16000,2,10001-20000,0,0,2,3,Otro,0,1,0,1,0,0,1,0
55,FaHCE,básica,Human,ConocGral,UNLP,NA,6,5,0,1,15000,2,10001-20000,0,5000,7,1,Español,0,0,0,0,0,0,0,0
56,FCEx,básica,EXACyNAT,Salud,UNLP,NA,6,6,0,0,5619,1,0-10000,0,0,7,2,Inglés,0,6,0,0,0,2,0,7
57,FCE,aplicada,CsSoc,Social,UNLP,CONICET,7,4,0,1,15000,2,10001-20000,0,7000,2,2,Inglés,0,1,0,0,0,0,0,0
58,FCM,básica,CsMed,Salud,UNLP,NA,6,6,1,0,22000,3,20001-30000,0,0,3,2,Inglés,1,2,0,3,0,0,0,0
59,JURSOC,aplicada,CsSoc,Social,UNLP,NA,4,0,4,10,0,1,0-10000,0,0,0,NA,NA,0,0,0,1,0,0,1,0
60,JURSOC,aplicada,CsSoc,Social,UNLP,NA,4,0,4,10,0,1,0-10000,0,0,0,NA,NA,0,0,0,1,0,0,1,0
61,FCE,aplicada,CsSoc,Social,UNLP,NA,5,1,0,0,14526,2,10001-20000,0,0,11,NA,NA,0,11,0,2,0,1,0,0
62,FCM,básica,CsMed,Salud,UNLP,NA,4,0,0,0,12804.4,2,10001-20000,0,2259.6,1,2,Inglés,0,7,0,6,0,0,0,0
63,FCAG,básica,EXACyNAT,Territorio,OtrosOrg,Internac.,5,3,0,0,55000,5,>40000,0,0,1,2,Inglés,0,0,0,0,0,0,0,0
64,FaHCE,básica,CsSoc,ConocGral,UNLP,NA,5,0,0,1,0,1,0-10000,0,0,11,1,Español,0,4,0,0,0,1,0,0
65,FCE,aplicada,CsSoc,ConocGral,UNLP,ANPCyT,6,0,0,0,10000,1,0-10000,0,0,2,2,Inglés,0,7,0,0,0,0,0,0
66,FCEx,básica,EXACyNAT,ConocGral,UNLP,NA,3,5,0,0,17715,2,10001-20000,0,0,12,NA,NA,1,6,0,0,0,0,0,0
67,FCEx,básica,EXACyNAT,Energía,CONICET,NA,6,3,0,1,50000,5,>40000,0,35000,6,2,Inglés,0,2,0,0,0,0,0,0
68,FCEx,básica,CsMed,Salud,UNLP,NA,3,4,1,3,20000,2,10001-20000,0,0,2,2,Inglés,0,9,0,0,0,0,0,0
69,FaHCE,aplicada,Human,ConocGral,UNLP,NA,11,0,5,0,0,1,0-10000,0,0,0,NA,NA,0,2,0,2,0,0,0,0
70,FCAyF,básica,EXACyNAT,Tierra,UNLP,NA,5,0,1,0,0,1,0-10000,0,0,2,1,Español,0,0,0,0,0,0,0,0
71,FCAyF,aplicada,EXACyNAT,Territorio,UNLP,NA,10,3,0,1,8000,1,0-10000,0,5000,1,1,Español,0,8,0,5,0,1,1,0
72,FCAG,básica,EXACyNAT,ConocGral,UNLP,CONICET,13,4,0,0,29600,3,20001-30000,0,2390,3,2,Inglés,0,7,0,3,0,10,0,2
73,FaHCE,básica,CsSoc,ConocGral,UNLP,NA,16,4,0,0,15000,2,10001-20000,0,0,0,NA,NA,0,1,0,0,0,0,0,0
74,FCM,básica,EXACyNAT,ConocGral,UNLP,NA,9,2,0,0,20000,2,10001-20000,0,0,5,1,Español,0,4,0,0,0,0,0,0
75,FCAyF,aplicada,CsAgrop,Agro,UNLP,NA,6,2,0,2,20000,2,10001-20000,0,0,3,1,Español,0,2,0,0,0,0,0,0
76,FCAyF,aplicada,INGyTEC,Indust:,UNLP,CONyANP,4,4,0,0,15000,2,10001-20000,0,0,10,2,Inglés,0,10,0,0,0,0,2,0
77,FCAyF,aplicada,CsAgrop,Ambiente,UNLP,NA,5,0,0,1,10000,1,0-10000,0,0,0,NA,NA,0,3,0,0,0,0,0,0
78,PSICO,aplicada,CsSoc,ConocGral,UNLP,NA,4,2,1,2,16872,2,10001-20000,0,0,5,1,Español,0,9,0,1,0,0,0,0
79,FCAyF,aplicada,CsAgrop,Agro,UNLP,NA,3,3,0,0,11338,2,10001-20000,0,0,2,2,Inglés,0,1,0,0,0,0,0,0
80,FCAyF,aplicada,CsAgrop,Agro,OtrosOrg,NA,4,3,1,0,168009.13,5,>40000,0,0,0,NA,NA,0,2,0,0,0,0,0,0
81,FaHCE,básica,Human,ConocGral,UNLP,NA,3,4,0,0,15589,2,10001-20000,0,0,3,1,Español,0,0,0,1,0,0,0,0
82,FCAyF,aplicada,CsAgrop,Agro,UNLP,NA,10,0,0,2,8000,1,0-10000,0,10000,3,NA,NA,0,3,0,0,0,6,3,2
83,FaHCE,aplicada,CsSoc,ConocGral,UNLP,NA,5,0,0,1,1640,1,0-10000,0,0,1,1,Español,1,2,0,0,0,0,0,0
84,JURSOC,básica,CsSoc,ConocGral,UNLP,NA,4,0,2,0,21967,3,20001-30000,0,0,3,1,Español,0,1,0,0,1,0,0,0
85,JURSOC,básica,CsSoc,ConocGral,UNLP,NA,4,0,2,0,21967,3,20001-30000,0,0,3,1,Español,0,1,0,0,1,0,0,0
86,JURSOC,básica,CsSoc,ConocGral,UNLP,NA,4,1,2,0,21167,3,20001-30000,0,0,1,1,Español,1,1,0,0,1,0,0,0
87,JURSOC,básica,CsSoc,ConocGral,UNLP,NA,4,1,2,0,21167,3,20001-30000,0,0,1,1,Español,1,1,0,0,1,0,0,0
88,FCM,básica,Otro,Salud,ANPCyT,NA,3,1,1,0,30000,3,20001-30000,0,0,3,2,Inglés,0,8,0,1,0,0,0,0
89,FCM,básica,CsMed,Salud,UNLP,CONICET,3,2,1,0,18680,2,10001-20000,0,0,1,2,Inglés,0,4,0,0,0,0,0,0
90,FaHCE,básica,CsSoc,Social,UNLP,NA,10,10,0,3,0,1,0-10000,0,0,20,NA,NA,10,15,0,0,0,0,0,0
91,FCM,básica,EXACyNAT,Salud,UNLP,CONICET,8,3,2,0,50000,5,>40000,0,0,2,2,Inglés,1,3,0,0,0,0,0,0
92,FCM,básica,CsMed,Salud,UNLP,NA,5,1,0,0,20500,3,20001-30000,0,0,5,2,Inglés,0,4,0,3,0,0,0,0
93,FCEx,básica,EXACyNAT,Libre,UNLP,NA,5,2,0,0,19841,2,10001-20000,0,0,5,NA,NA,0,7,0,0,0,0,0,0
94,FCM,básica,CsMed,ConocGral,ANPCyT,NA,5,1,0,1,128222,5,>40000,0,0,1,2,Inglés,0,4,0,0,0,0,0,0
95,FaHCE,básica,Human,ConocGral,UNLP,NA,9,2,0,3,10000,1,0-10000,0,0,4,1,Español,0,3,0,0,0,0,0,0
96,FCM,básica,CsMed,Salud,CONICET,NA,3,1,2,0,25000,3,20001-30000,0,0,2,NA,NA,0,4,0,0,0,0,0,0
97,FOLP,básica,Odont,Salud,UNLP,NA,9,1,4,5,28452,3,20001-30000,0,0,5,1,Español,0,11,0,1,0,1,0,0
98,PSICO,aplicada,CsSoc,Salud,OtrosOrg,NA,5,5,1,2,12000,2,10001-20000,10000,2000,6,NA,NA,4,6,0,0,0,0,0,0
99,FCAyF,aplicada,CsAgrop,Ambiente,UNLP,NA,5,0,0,0,24000,3,20001-30000,0,0,3,2,Inglés,0,7,0,0,0,0,0,0
100,FCM,aplicada,CsMed,Salud,OtrosOrg,MINCyT,10,2,10,0,250000,5,>40000,10000,150000,1,2,Inglés,0,2,0,0,0,3,0,0
101,FCAyF,básica,CsAgrop,Agro,UNLP,NA,4,0,0,0,7200,1,0-10000,0,0,0,NA,NA,0,0,0,0,0,0,0,0
102,FCAyF,aplicada,Otro,OtraCivil,UNLP,NA,9,1,0,1,25156,3,20001-30000,0,0,2,1,Español,0,6,0,3,0,0,0,0
103,FCAG,básica,EXACyNAT,ConocGral,UNLP,NA,6,3,0,0,8737,1,0-10000,0,0,4,2,Inglés,0,0,0,0,0,0,0,0
104,FOLP,básica,Odont,Salud,UNLP,NA,5,0,4,4,3500,1,0-10000,NA,7000,1,1,Español,1,2,0,0,0,0,0,0
105,FOLP,básica,Odont,Salud,UNLP,NA,5,0,4,4,3500,1,0-10000,NA,7000,1,1,Español,1,2,0,0,0,0,0,0
106,FTS,básica,CsSoc,Social,UNLP,NA,3,3,0,8,18000,2,10001-20000,0,0,7,1,Español,0,14,0,0,0,0,0,0
107,PSICO,aplicada,CsSoc,ConocGral,UNLP,NA,7,4,0,4,15000,2,10001-20000,0,12000,5,NA,NA,4,15,0,1,0,0,0,0
108,FCAyF,aplicada,CsAgrop,Agro,ANPCyT,NA,4,0,0,0,27040,3,20001-30000,0,11420,3,2,Inglés,0,4,0,3,0,0,0,0
109,PSICO,aplicada,CsSoc,Social,UNLP,NA,2,0,0,2,8000,1,0-10000,0,4500,0,NA,NA,0,0,0,0,0,0,0,0
110,FAU,aplicada,CsSoc,Territorio,UNLP,NA,4,0,0,2,9900,1,0-10000,0,0,4,NA,NA,0,0,0,0,0,0,0,0
111,FCAyF,aplicada,CsAgrop,Agro,UNLP,NA,4,1,0,2,25000,3,20001-30000,0,8000,0,NA,NA,1,2,0,0,0,0,0,0
112,FaHCE,aplicada,CsSoc,Ambiente,UNLP,NA,7,1,0,3,7500,1,0-10000,0,0,3,1,Español,1,7,0,2,0,1,0,0
113,FCEx,básica,CsMed,Salud,ANPCyT,NA,4,2,1,0,0,1,0-10000,0,0,0,NA,NA,0,0,0,0,0,0,0,0
114,FCAyF,aplicada,CsAgrop,Agro,UNLP,NA,8,2,0,1,18000,2,10001-20000,0,16000,11,NA,NA,6,6,0,1,0,0,0,0
115,PSICO,básica,CsSoc,Salud,UNLP,NA,5,3,6,4,0,1,0-10000,0,0,1,1,Español,1,11,0,0,0,0,0,0
116,FaHCE,básica,Human,Social,UNLP,NA,6,6,0,3,3200,1,0-10000,0,6400,20,3,Otro,1,20,0,3,0,2,0,0
117,FCAG,básica,EXACyNAT,ConocGral,CONICET,NA,4,5,0,0,71980,5,>40000,0,52900,3,2,Inglés,0,3,0,0,0,0,0,0
118,PSICO,aplicada,CsSoc,Salud,OtrosOrg,NA,5,0,3,2,10000,1,0-10000,0,2000,2,NA,NA,4,3,0,3,0,0,0,0
119,FTS,aplicada,CsSoc,Social,UNLP,NA,7,0,0,1,4000,1,0-10000,0,0,0,NA,NA,0,6,0,0,0,0,0,0
120,FCEx,aplicada,INGyTEC,Indust:,UNLP,NA,4,2,0,0,10000,1,0-10000,0,0,2,1,Español,0,3,0,0,0,0,0,0
121,FAU,aplicada,CsSoc,Territorio,UNLP,NA,6,3,0,0,10460,2,10001-20000,0,0,0,NA,NA,0,3,0,0,0,0,0,0
122,FOLP,básica,Odont,Salud,UNLP,NA,16,0,0,2,12000,2,10001-20000,0,0,4,1,Español,0,0,0,0,0,0,0,0
123,FaHCE,básica,CsSoc,ConocGral,UNLP,NA,5,0,0,0,0,1,0-10000,0,0,13,3,Otro,0,0,0,0,0,0,0,0
124,FCAyF,aplicada,EXACyNAT,Agro,UNLP,NA,3,1,0,0,10122.79,2,10001-20000,0,0,1,2,Inglés,0,5,0,0,0,0,0,0
125,PSICO,aplicada,Otro,ConocGral,UNLP,NA,12,1,0,6,2000,1,0-10000,0,0,2,1,Español,0,2,0,0,0,0,0,0
126,FCAyF,básica,EXACyNAT,Salud,UNLP,NA,4,0,0,3,2872,1,0-10000,0,2230,4,1,Español,0,4,0,0,0,0,0,4
127,PSICO,básica,CsSoc,Salud,UNLP,NA,2,5,0,4,15000,2,10001-20000,0,3000,15,1,Español,0,9,0,0,0,0,0,14
128,FAU,aplicada,CsSoc,Territorio,UNLP,NA,7,0,8,13,8968,1,0-10000,0,1868,3,1,Español,0,4,0,4,0,0,0,0
129,FCM,básica,CsMed,Libre,CONICET,NA,5,2,0,1,0,1,0-10000,0,0,1,2,Inglés,0,4,0,0,0,0,0,0
130,JURSOC,básica,Otro,OtraCivil,UNLP,NA,6,0,0,0,0,1,0-10000,0,0,3,1,Español,1,0,0,0,0,0,0,0
131,JURSOC,básica,Otro,OtraCivil,UNLP,NA,6,0,0,0,0,1,0-10000,0,0,3,1,Español,1,0,0,0,0,0,0,0
132,FOLP,aplicada,Odont,Salud,UNLP,NA,4,4,0,0,6000,1,0-10000,0,8000,1,NA,NA,0,3,0,2,0,2,0,0
133,JURSOC,aplicada,CsSoc,ConocGral,UNLP,NA,7,1,0,1,0,1,0-10000,0,0,0,NA,NA,0,0,0,0,0,0,0,0
134,JURSOC,aplicada,CsSoc,ConocGral,UNLP,NA,7,1,0,1,0,1,0-10000,0,0,0,NA,NA,0,0,0,0,0,0,0,0
135,JURSOC,básica,CsSoc,Social,UNLP,NA,8,0,0,0,0,1,0-10000,0,0,0,NA,NA,0,0,0,0,0,0,0,0
136,JURSOC,básica,CsSoc,Social,UNLP,NA,8,0,0,0,0,1,0-10000,0,0,0,NA,NA,0,0,0,0,0,0,0,0
137,FOLP,aplicada,Odont,ConocGral,UNLP,NA,7,0,0,0,5000,1,0-10000,0,10000,17,1,Español,0,17,0,0,0,0,0,0
138,FAU,aplicada,EXACyNAT,ConocGral,UNLP,NA,16,0,0,1,12401,2,10001-20000,0,0,0,NA,NA,1,1,0,0,0,0,0,20
139,FOLP,aplicada,Odont,Salud,UNLP,NA,9,0,0,2,NA,NA,NA,NA,0,2,1,Español,0,6,0,0,0,0,0,0
140,FaHCE,aplicada,CsSoc,ConocGral,UNLP,NA,10,3,0,4,0,1,0-10000,0,0,15,1,Español,0,7,0,0,0,0,0,5
141,FaHCE,básica,CsSoc,Social,UNLP,NA,2,2,0,1,3980,1,0-10000,0,0,0,NA,NA,0,9,0,0,0,0,0,0
142,FaHCE,básica,Human,ConocGral,UNLP,NA,5,4,0,3,5500,1,0-10000,3000,4500,16,3,Otro,1,12,0,0,0,0,0,0
143,FaHCE,aplicada,CsSoc,Social,UNLP,NA,10,10,0,4,20000,2,10001-20000,0,0,15,1,Español,0,5,0,0,0,0,0,0
144,JURSOC,básica,CsSoc,Defensa,UNLP,NA,8,1,0,0,12800,2,10001-20000,0,0,2,NA,NA,3,3,0,1,0,0,0,0
145,JURSOC,básica,CsSoc,Defensa,UNLP,NA,8,1,0,0,12800,2,10001-20000,0,0,2,NA,NA,3,3,0,1,0,0,0,0
146,FCM,básica,CsMed,Salud,UNLP,NA,4,0,0,0,13500,2,10001-20000,0,0,0,NA,NA,0,1,0,0,0,0,0,0
147,FCM,básica,EXACyNAT,ConocGral,ANPCyT,CONICET,4,2,0,0,200000,5,>40000,0,0,1,3,Otro,0,6,0,0,0,0,0,0
148,FCM,básica,EXACyNAT,ConocGral,ANPCyT,CONICET,4,2,0,0,200000,5,>40000,0,0,1,3,Otro,0,6,0,0,0,0,0,0
149,FCM,básica,CsMed,Salud,UNLP,OtraNac.,4,0,0,0,0,1,0-10000,0,0,0,NA,NA,1,2,0,0,0,0,0,0
150,FAU,aplicada,CsSoc,Territorio,UNLP,NA,12,4,2,4,7422,1,0-10000,0,0,4,1,Español,0,4,0,0,0,0,0,0
151,FAU,aplicada,Otro,Territorio,UNLP,NA,15,6,1,0,24103,3,20001-30000,0,600,0,NA,NA,0,7,0,1,0,0,0,0
152,FAU,aplicada,Human,ConocGral,UNLP,CONICET,7,0,0,0,21000,3,20001-30000,0,1500,3,1,Español,0,0,0,0,0,0,0,0
153,FAU,aplicada,Otro,Territorio,UNLP,NA,10,3,0,2,20000,2,10001-20000,0,17850,0,NA,NA,3,4,0,2,0,0,0,1
154,FCM,básica,CsMed,Salud,UNLP,NA,6,5,2,0,31340,4,30001-40000,0,0,3,2,Inglés,1,5,0,3,0,0,0,0
155,FaHCE,básica,CsSoc,ConocGral,UNLP,NA,10,1,0,0,16500,2,10001-20000,0,0,19,NA,NA,5,4,0,0,0,0,0,0
156,FCAyF,aplicada,CsAgrop,Agro,UNLP,NA,2,2,0,0,15000,2,10001-20000,0,0,0,NA,NA,0,3,0,0,0,0,0,0
157,JURSOC,aplicada,CsSoc,ConocGral,UNLP,NA,20,4,0,0,12000,2,10001-20000,0,0,5,1,Español,1,1,0,0,0,0,0,0
158,JURSOC,aplicada,CsSoc,ConocGral,UNLP,NA,20,4,0,0,12000,2,10001-20000,0,0,5,1,Español,1,1,0,0,0,0,0,0
159,FCM,básica,CsMed,Salud,UNLP,NA,9,1,0,0,30000,3,20001-30000,0,0,1,2,Inglés,4,5,0,1,0,0,0,0
160,FCM,básica,CsMed,Salud,UNLP,NA,5,1,0,1,0,1,0-10000,0,0,0,NA,NA,0,2,0,0,0,0,0,0
161,FOLP,aplicada,Odont,Salud,UNLP,NA,10,0,0,1,14978,2,10001-20000,0,2800,2,NA,NA,0,4,0,2,0,1,0,0
162,FOLP,aplicada,CsSoc,Social,UNLP,NA,0,0,0,0,15000,2,10001-20000,0,8600,2,NA,NA,0,4,0,2,0,2,0,4
163,FAU,aplicada,INGyTEC,Ambiente,UNLP,NA,3,3,2,2,15000,2,10001-20000,0,0,2,1,Español,1,4,0,0,0,0,0,0
164,PSICO,aplicada,CsSoc,ConocGral,UNLP,NA,6,1,0,0,1500,1,0-10000,0,0,3,1,Español,0,3,0,0,0,0,0,0
165,JURSOC,aplicada,CsSoc,ConocGral,UNLP,NA,6,1,0,2,15235,2,10001-20000,0,0,3,1,Español,0,2,0,0,0,0,0,0
166,JURSOC,aplicada,CsSoc,ConocGral,UNLP,NA,6,1,0,2,15235,2,10001-20000,0,0,3,1,Español,0,2,0,0,0,0,0,0
167,FaHCE,aplicada,Human,ConocGral,UNLP,NA,5,0,0,1,0,1,0-10000,0,0,1,1,Español,0,6,0,0,0,2,0,0
168,FCM,aplicada,CsMed,Salud,UNLP,NA,5,0,0,1,20000,2,10001-20000,0,20000,0,NA,NA,2,2,0,1,0,0,0,0
169,FCE,básica,CsSoc,ConocGral,UNLP,NA,3,0,2,0,10319,2,10001-20000,0,5269.68,3,1,Español,0,8,0,1,0,1,8,2
170,FCAyF,aplicada,CsAgrop,Ambiente,UNLP,NA,8,1,1,1,10545,2,10001-20000,0,0,3,1,Español,0,4,0,1,1,2,0,0
171,FOLP,básica,Odont,Salud,UNLP,NA,2,0,0,0,9000,1,0-10000,0,0,1,NA,NA,0,1,0,1,0,0,0,0
172,FCAyF,aplicada,CsAgrop,Agro,UNLP,NA,5,1,1,2,10000,1,0-10000,0,5000,1,3,Otro,0,1,0,0,0,0,0,0
173,PSICO,aplicada,CsSoc,ConocGral,UNLP,NA,2,1,0,3,6500,1,0-10000,0,0,1,1,Español,0,3,0,0,0,0,0,0
174,FCM,aplicada,Otro,Salud,UNLP,NA,7,0,0,0,16000,2,10001-20000,0,5500,6,2,Inglés,0,10,0,1,0,0,0,0
175,FCE,básica,Otro,Social,UNLP,NA,5,0,0,0,1500,1,0-10000,0,800,0,NA,NA,0,1,0,1,0,0,0,0
176,FCAyF,aplicada,CsAgrop,Agro,UNLP,CONICET,6,3,0,5,27000,3,20001-30000,0,0,6,2,Inglés,0,8,0,4,0,4,0,4
177,FAU,aplicada,Otro,Territorio,UNLP,NA,6,0,3,0,13000,2,10001-20000,0,2000,2,1,Español,1,2,0,1,0,1,0,0
178,FAU,aplicada,Otro,ConocGral,UNLP,NA,6,2,1,0,18500,2,10001-20000,0,2000,2,1,Español,2,5,0,1,0,2,0,0
179,FCAG,básica,EXACyNAT,Espacio,UNLP,NA,4,1,1,0,15500,2,10001-20000,0,0,4,2,Inglés,0,1,0,0,0,0,0,0
180,FaHCE,básica,Human,ConocGral,UNLP,NA,5,2,0,2,10872,2,10001-20000,0,6000,8,1,Español,0,4,0,0,0,0,0,0
181,FCAG,básica,EXACyNAT,ConocGral,UNLP,CONICET,16,9,0,0,22600,3,20001-30000,0,4200,11,1,Español,0,6,0,0,0,0,0,0
182,JURSOC,básica,CsSoc,ConocGral,UNLP,NA,5,0,2,0,0,1,0-10000,0,15235,0,NA,NA,0,0,0,0,0,0,0,0
183,JURSOC,básica,CsSoc,ConocGral,UNLP,NA,5,0,2,0,0,1,0-10000,0,15235,0,NA,NA,0,0,0,0,0,0,0,0
184,JURSOC,básica,CsSoc,ConocGral,UNLP,NA,3,1,2,1,0,1,0-10000,0,8858,0,NA,NA,0,0,0,0,0,0,0,0
185,JURSOC,básica,CsSoc,ConocGral,UNLP,NA,3,1,2,1,0,1,0-10000,0,8858,0,NA,NA,0,0,0,0,0,0,0,0
186,FOLP,aplicada,Odont,Salud,UNLP,NA,4,1,0,1,4300,1,0-10000,0,0,4,1,Español,0,3,0,0,0,0,0,0
187,FaHCE,aplicada,CsSoc,Ambiente,UNLP,NA,6,0,0,1,9000,1,0-10000,0,0,9,1,Español,0,2,0,0,0,0,0,0
188,FaHCE,básica,Human,ConocGral,UNLP,NA,7,3,0,0,17324,2,10001-20000,0,0,19,NA,NA,0,0,0,0,0,0,0,0
189,FaHCE,básica,Human,ConocGral,UNLP,NA,16,4,0,1,0,1,0-10000,0,0,6,1,Español,0,6,0,0,0,0,0,0
190,FaHCE,aplicada,Human,ConocGral,UNLP,NA,16,0,0,2,0,1,0-10000,0,0,1,1,Español,0,0,0,0,0,0,0,0
191,FCE,aplicada,CsSoc,OtraCivil,UNLP,NA,4,0,0,2,5000,1,0-10000,0,0,3,NA,NA,3,3,0,0,0,3,0,0
192,FAU,aplicada,Otro,ConocGral,UNLP,NA,4,1,6,2,40000,4,30001-40000,0,0,7,1,Español,7,4,0,3,0,0,0,0
193,FCEx,básica,EXACyNAT,ConocGral,UNLP,NA,5,4,0,3,15000,2,10001-20000,0,5000,6,2,Inglés,0,9,0,0,0,0,0,3
194,FCE,aplicada,CsSoc,ConocGral,UNLP,NA,6,0,0,0,6000,1,0-10000,0,0,0,NA,NA,0,1,0,3,0,5,10,0
195,FAU,básica,Otro,Territorio,UNLP,NA,5,0,0,1,21340.8,3,20001-30000,0,0,1,1,Español,3,5,0,0,0,0,0,0
196,FaHCE,aplicada,Human,ConocGral,UNLP,NA,4,2,0,6,20000,2,10001-20000,0,0,6,1,Español,0,18,0,11,1,7,0,0
197,FCE,básica,CsSoc,ConocGral,UNLP,NA,4,0,4,0,13464,2,10001-20000,0,0,1,1,Español,0,8,0,0,0,0,8,0
198,FTS,aplicada,CsSoc,Social,UNLP,NA,12,3,0,10,29000,3,20001-30000,0,29000,15,1,Español,2,18,0,3,0,1,0,0
199,FaHCE,básica,Human,ConocGral,UNLP,NA,8,4,0,0,2200,1,0-10000,0,0,6,1,Español,0,6,0,0,0,0,0,0
200,FCAG,aplicada,EXACyNAT,Tierra,UNLP,NA,4,1,5,2,60000,5,>40000,0,NA,2,NA,NA,4,8,0,2,0,6,2,4
201,FaHCE,aplicada,CsSoc,ConocGral,UNLP,NA,13,2,0,0,7000,1,0-10000,0,0,5,1,Español,0,7,0,0,0,0,0,0
202,FaHCE,básica,Human,ConocGral,UNLP,NA,8,3,0,0,17715,2,10001-20000,0,0,9,3,Otro,0,13,0,0,0,0,0,0
203,FCEx,básica,EXACyNAT,ConocGral,UNLP,NA,6,1,0,0,0,1,0-10000,0,0,3,2,Inglés,0,0,0,0,0,0,0,0
204,FaHCE,aplicada,CsSoc,ConocGral,UNLP,NA,5,3,2,2,0,1,0-10000,0,0,0,NA,NA,0,0,0,0,0,0,0,0
205,FAU,aplicada,Otro,ConocGral,UNLP,NA,4,0,0,0,6250,1,0-10000,0,2600,0,NA,NA,1,1,0,1,0,0,0,0
206,FAU,aplicada,CsSoc,Territorio,UNLP,NA,7,3,4,2,3000,1,0-10000,5000,7000,4,1,Español,0,3,0,3,0,4,4,2
207,FaHCE,aplicada,CsSoc,ConocGral,UNLP,NA,6,0,0,4,850,1,0-10000,0,0,4,1,Español,0,3,0,0,0,0,0,0
208,FaHCE,aplicada,Human,ConocGral,UNLP,NA,9,1,0,4,0,1,0-10000,0,0,4,1,Español,5,20,0,8,4,7,0,0
209,FAU,aplicada,Otro,ConocGral,UNLP,NA,5,1,0,4,8500,1,0-10000,0,3500,0,NA,NA,1,2,0,0,0,0,1,0
210,FCAG,básica,EXACyNAT,ConocGral,CONICET,NA,2,6,0,0,17000,2,10001-20000,0,0,4,NA,NA,0,3,0,0,0,0,1,0
211,FAU,aplicada,INGyTEC,Social,UNLP,NA,5,0,0,0,0,1,0-10000,0,0,0,NA,NA,0,0,0,0,0,0,0,0
212,PSICO,básica,CsSoc,Salud,UNLP,NA,3,0,0,3,0,1,0-10000,0,0,1,1,Español,0,3,0,0,0,0,0,0
213,FCAG,básica,EXACyNAT,ConocGral,UNLP,NA,2,6,0,0,17000,2,10001-20000,0,0,1,NA,NA,0,3,0,0,0,0,0,0
214,PSICO,aplicada,CsSoc,Salud,UNLP,NA,2,1,8,4,5000,1,0-10000,0,0,0,NA,NA,0,5,0,0,0,0,0,0
215,FTS,básica,CsSoc,Territorio,ANPCyT,NA,4,2,0,4,30000,3,20001-30000,0,3000,1,2,Inglés,0,2,0,0,0,0,0,0
216,FAU,aplicada,INGyTEC,Social,UNLP,NA,6,0,0,1,11500,2,10001-20000,0,0,1,1,Español,0,2,0,0,0,0,0,0
217,JURSOC,básica,CsSoc,OtraCivil,UNLP,NA,6,1,1,0,5000,1,0-10000,0,0,3,NA,NA,0,0,0,0,0,0,0,0
218,JURSOC,básica,CsSoc,OtraCivil,UNLP,NA,6,1,1,0,5000,1,0-10000,0,0,3,NA,NA,0,0,0,0,0,0,0,0
219,FCEx,aplicada,EXACyNAT,Energía,UNLP,NA,6,2,1,0,18000,2,10001-20000,20000,0,6,2,Inglés,0,11,0,1,0,1,1,1
220,FCEx,aplicada,EXACyNAT,Energía,ANPCyT,NA,6,3,1,0,300000,5,>40000,0,0,6,1,Español,0,11,0,1,0,1,1,1
221,FaHCE,básica,Human,ConocGral,UNLP,NA,9,6,0,0,20000,2,10001-20000,0,0,17,1,Español,1,2,0,0,0,0,0,0
222,FCEx,aplicada,EXACyNAT,Indust:,ANPCyT,OtraNac.,6,2,1,0,800000,5,>40000,200000,800000,6,1,Español,0,11,0,2,0,1,0,0
223,FCEx,básica,EXACyNAT,Libre,CONICET,NA,3,4,4,0,0,1,0-10000,0,0,3,2,Inglés,0,3,0,0,0,0,0,0
224,FCM,básica,CsMed,Salud,UNLP,CONICET,3,1,2,1,5353,1,0-10000,2000,6000,1,NA,NA,0,19,0,2,0,0,0,0
225,FTS,básica,CsSoc,ConocGral,UNLP,CONICET,7,4,0,4,29939,3,20001-30000,0,0,13,1,Español,0,10,0,0,0,0,0,2
226,PSICO,aplicada,CsSoc,Salud,UNLP,NA,5,3,0,2,0,1,0-10000,0,0,8,NA,NA,0,4,0,0,0,0,0,0
227,FaHCE,básica,Human,ConocGral,UNLP,NA,4,2,0,1,13496,2,10001-20000,0,0,5,1,Español,0,2,0,0,0,3,0,0
228,FTS,básica,CsSoc,ConocGral,CONICET,NA,2,0,0,0,16645,2,10001-20000,0,0,4,1,Español,0,2,0,0,0,0,0,0
229,FaHCE,aplicada,Human,ConocGral,UNLP,NA,7,1,0,2,6000,1,0-10000,0,0,5,1,Español,0,2,0,0,0,0,0,1
230,FaHCE,básica,Human,ConocGral,UNLP,CONICET,8,0,0,0,24000,3,20001-30000,0,40000,4,1,Español,1,5,0,0,3,0,0,3
231,FCM,básica,CsMed,ConocGral,UNLP,NA,11,10,7,0,58835,5,>40000,0,0,7,2,Inglés,0,20,0,0,0,0,0,1
232,FCAyF,aplicada,EXACyNAT,Ambiente,Otras,NA,6,0,0,1,0,1,0-10000,0,0,5,NA,NA,0,4,0,0,0,0,0,0
233,FCEx,aplicada,EXACyNAT,Energía,UNLP,ANPCyT,5,1,1,0,20000,2,10001-20000,0,0,3,2,Inglés,0,8,0,0,0,0,4,0
234,FCEx,aplicada,EXACyNAT,Energía,ANPCyT,NA,6,2,1,0,100000,5,>40000,0,0,6,2,Inglés,0,14,0,0,0,0,4,0
235,FaHCE,básica,Human,OtraCivil,UNLP,NA,8,1,5,0,32000,4,30001-40000,0,0,0,NA,NA,0,3,0,1,0,0,0,0
236,FaHCE,aplicada,Human,ConocGral,UNLP,NA,9,1,0,1,NA,NA,NA,0,0,6,3,Otro,0,2,0,0,0,2,0,2
237,PSICO,aplicada,CsSoc,Salud,UNLP,NA,9,2,0,4,4500,1,0-10000,0,3000,20,2,Inglés,1,20,0,2,0,0,0,0
238,FCAyF,aplicada,CsAgrop,Agro,UNLP,NA,4,0,0,0,0,1,0-10000,0,0,5,2,Inglés,0,0,0,0,0,2,6,1
